Agency,Indicator,hour,sample_count
Auckland Council,BDISC,6,4
Auckland Council,BDISC,7,326
Auckland Council,BDISC,8,847
Auckland Council,BDISC,9,1243
Auckland Council,BDISC,10,1258
Auckland Council,BDISC,11,1148
Auckland Council,BDISC,12,1191
Auckland Council,BDISC,13,949
Auckland Council,BDISC,14,486
Auckland Council,BDISC,15,96
Auckland Council,BDISC,16,10
Auckland Council,BDISC,17,2
Auckland Council,BDISC,18,29
Auckland Council,DIN,6,27
Auckland Council,DIN,7,249
Auckland Council,DIN,8,642
Auckland Council,DIN,9,978
Auckland Council,DIN,10,1024
Auckland Council,DIN,11,1002
Auckland Council,DIN,12,978
Auckland Council,DIN,13,768
Auckland Council,DIN,14,370
Auckland Council,DIN,15,91
Auckland Council,DIN,16,10
Auckland Council,DIN,17,1
Auckland Council,DIN,18,2
Auckland Council,DRP,6,27
Auckland Council,DRP,7,257
Auckland Council,DRP,8,668
Auckland Council,DRP,9,1010
Auckland Council,DRP,10,1051
Auckland Council,DRP,11,1035
Auckland Council,DRP,12,1000
Auckland Council,DRP,13,785
Auckland Council,DRP,14,381
Auckland Council,DRP,15,90
Auckland Council,DRP,16,10
Auckland Council,DRP,17,1
Auckland Council,DRP,18,2
Auckland Council,ECOLI,6,29
Auckland Council,ECOLI,7,249
Auckland Council,ECOLI,8,612
Auckland Council,ECOLI,9,969
Auckland Council,ECOLI,10,1005
Auckland Council,ECOLI,11,1001
Auckland Council,ECOLI,12,906
Auckland Council,ECOLI,13,743
Auckland Council,ECOLI,14,343
Auckland Council,ECOLI,15,89
Auckland Council,ECOLI,16,10
Auckland Council,NH4,6,28
Auckland Council,NH4,7,257
Auckland Council,NH4,8,662
Auckland Council,NH4,9,1001
Auckland Council,NH4,10,1040
Auckland Council,NH4,11,1034
Auckland Council,NH4,12,999
Auckland Council,NH4,13,780
Auckland Council,NH4,14,377
Auckland Council,NH4,15,91
Auckland Council,NH4,16,10
Auckland Council,NH4,17,1
Auckland Council,NH4,18,2
Auckland Council,NO3N,6,9
Auckland Council,NO3N,7,55
Auckland Council,NO3N,8,139
Auckland Council,NO3N,9,229
Auckland Council,NO3N,10,239
Auckland Council,NO3N,11,288
Auckland Council,NO3N,12,255
Auckland Council,NO3N,13,208
Auckland Council,NO3N,14,129
Auckland Council,NO3N,15,49
Auckland Council,NO3N,16,8
Auckland Council,PH,6,27
Auckland Council,PH,7,196
Auckland Council,PH,8,518
Auckland Council,PH,9,815
Auckland Council,PH,10,864
Auckland Council,PH,11,909
Auckland Council,PH,12,830
Auckland Council,PH,13,637
Auckland Council,PH,14,296
Auckland Council,PH,15,84
Auckland Council,PH,16,10
Auckland Council,TN,6,27
Auckland Council,TN,7,199
Auckland Council,TN,8,524
Auckland Council,TN,9,828
Auckland Council,TN,10,878
Auckland Council,TN,11,924
Auckland Council,TN,12,879
Auckland Council,TN,13,647
Auckland Council,TN,14,303
Auckland Council,TN,15,85
Auckland Council,TN,16,10
Auckland Council,TON,6,27
Auckland Council,TON,7,252
Auckland Council,TON,8,657
Auckland Council,TON,9,1005
Auckland Council,TON,10,1047
Auckland Council,TON,11,1028
Auckland Council,TON,12,997
Auckland Council,TON,13,785
Auckland Council,TON,14,382
Auckland Council,TON,15,91
Auckland Council,TON,16,10
Auckland Council,TON,17,1
Auckland Council,TON,18,2
Auckland Council,TP,6,28
Auckland Council,TP,7,257
Auckland Council,TP,8,668
Auckland Council,TP,9,1011
Auckland Council,TP,10,1051
Auckland Council,TP,11,1036
Auckland Council,TP,12,1001
Auckland Council,TP,13,787
Auckland Council,TP,14,383
Auckland Council,TP,15,91
Auckland Council,TP,16,10
Auckland Council,TP,17,1
Auckland Council,TP,18,2
Auckland Council,TURB,6,27
Auckland Council,TURB,7,257
Auckland Council,TURB,8,667
Auckland Council,TURB,9,1009
Auckland Council,TURB,10,1051
Auckland Council,TURB,11,1034
Auckland Council,TURB,12,1000
Auckland Council,TURB,13,786
Auckland Council,TURB,14,383
Auckland Council,TURB,15,91
Auckland Council,TURB,16,10
Auckland Council,TURB,17,1
Auckland Council,TURB,18,2
Bay of Plenty Regional Council,BDISC,6,1
Bay of Plenty Regional Council,BDISC,7,15
Bay of Plenty Regional Council,BDISC,8,207
Bay of Plenty Regional Council,BDISC,9,600
Bay of Plenty Regional Council,BDISC,10,867
Bay of Plenty Regional Council,BDISC,11,789
Bay of Plenty Regional Council,BDISC,12,622
Bay of Plenty Regional Council,BDISC,13,505
Bay of Plenty Regional Council,BDISC,14,352
Bay of Plenty Regional Council,BDISC,15,132
Bay of Plenty Regional Council,BDISC,16,30
Bay of Plenty Regional Council,BDISC,17,2
Bay of Plenty Regional Council,DIN,6,4
Bay of Plenty Regional Council,DIN,7,5
Bay of Plenty Regional Council,DIN,8,40
Bay of Plenty Regional Council,DIN,9,127
Bay of Plenty Regional Council,DIN,10,164
Bay of Plenty Regional Council,DIN,11,147
Bay of Plenty Regional Council,DIN,12,126
Bay of Plenty Regional Council,DIN,13,97
Bay of Plenty Regional Council,DIN,14,53
Bay of Plenty Regional Council,DIN,15,33
Bay of Plenty Regional Council,DIN,16,17
Bay of Plenty Regional Council,DIN,17,4
Bay of Plenty Regional Council,DIN,18,5
Bay of Plenty Regional Council,DRP,6,15
Bay of Plenty Regional Council,DRP,7,27
Bay of Plenty Regional Council,DRP,8,327
Bay of Plenty Regional Council,DRP,9,1051
Bay of Plenty Regional Council,DRP,10,1580
Bay of Plenty Regional Council,DRP,11,1365
Bay of Plenty Regional Council,DRP,12,1154
Bay of Plenty Regional Council,DRP,13,879
Bay of Plenty Regional Council,DRP,14,522
Bay of Plenty Regional Council,DRP,15,209
Bay of Plenty Regional Council,DRP,16,52
Bay of Plenty Regional Council,DRP,17,11
Bay of Plenty Regional Council,DRP,18,6
Bay of Plenty Regional Council,ECOLI,6,11
Bay of Plenty Regional Council,ECOLI,7,37
Bay of Plenty Regional Council,ECOLI,8,391
Bay of Plenty Regional Council,ECOLI,9,1216
Bay of Plenty Regional Council,ECOLI,10,1749
Bay of Plenty Regional Council,ECOLI,11,1507
Bay of Plenty Regional Council,ECOLI,12,1488
Bay of Plenty Regional Council,ECOLI,13,960
Bay of Plenty Regional Council,ECOLI,14,563
Bay of Plenty Regional Council,ECOLI,15,212
Bay of Plenty Regional Council,ECOLI,16,53
Bay of Plenty Regional Council,ECOLI,17,10
Bay of Plenty Regional Council,ECOLI,18,3
Bay of Plenty Regional Council,NH4,6,12
Bay of Plenty Regional Council,NH4,7,24
Bay of Plenty Regional Council,NH4,8,327
Bay of Plenty Regional Council,NH4,9,1061
Bay of Plenty Regional Council,NH4,10,1596
Bay of Plenty Regional Council,NH4,11,1385
Bay of Plenty Regional Council,NH4,12,1163
Bay of Plenty Regional Council,NH4,13,884
Bay of Plenty Regional Council,NH4,14,527
Bay of Plenty Regional Council,NH4,15,207
Bay of Plenty Regional Council,NH4,16,52
Bay of Plenty Regional Council,NH4,17,10
Bay of Plenty Regional Council,NH4,18,6
Bay of Plenty Regional Council,PH,6,8
Bay of Plenty Regional Council,PH,7,21
Bay of Plenty Regional Council,PH,8,328
Bay of Plenty Regional Council,PH,9,1067
Bay of Plenty Regional Council,PH,10,1595
Bay of Plenty Regional Council,PH,11,1389
Bay of Plenty Regional Council,PH,12,1148
Bay of Plenty Regional Council,PH,13,885
Bay of Plenty Regional Council,PH,14,525
Bay of Plenty Regional Council,PH,15,202
Bay of Plenty Regional Council,PH,16,48
Bay of Plenty Regional Council,PH,17,8
Bay of Plenty Regional Council,PH,18,4
Bay of Plenty Regional Council,TN,6,8
Bay of Plenty Regional Council,TN,7,21
Bay of Plenty Regional Council,TN,8,278
Bay of Plenty Regional Council,TN,9,873
Bay of Plenty Regional Council,TN,10,1288
Bay of Plenty Regional Council,TN,11,1132
Bay of Plenty Regional Council,TN,12,945
Bay of Plenty Regional Council,TN,13,729
Bay of Plenty Regional Council,TN,14,418
Bay of Plenty Regional Council,TN,15,167
Bay of Plenty Regional Council,TN,16,48
Bay of Plenty Regional Council,TN,17,10
Bay of Plenty Regional Council,TN,18,6
Bay of Plenty Regional Council,TON,6,16
Bay of Plenty Regional Council,TON,7,27
Bay of Plenty Regional Council,TON,8,332
Bay of Plenty Regional Council,TON,9,1069
Bay of Plenty Regional Council,TON,10,1596
Bay of Plenty Regional Council,TON,11,1400
Bay of Plenty Regional Council,TON,12,1173
Bay of Plenty Regional Council,TON,13,889
Bay of Plenty Regional Council,TON,14,527
Bay of Plenty Regional Council,TON,15,205
Bay of Plenty Regional Council,TON,16,52
Bay of Plenty Regional Council,TON,17,11
Bay of Plenty Regional Council,TON,18,6
Bay of Plenty Regional Council,TP,6,11
Bay of Plenty Regional Council,TP,7,23
Bay of Plenty Regional Council,TP,8,332
Bay of Plenty Regional Council,TP,9,1073
Bay of Plenty Regional Council,TP,10,1601
Bay of Plenty Regional Council,TP,11,1401
Bay of Plenty Regional Council,TP,12,1168
Bay of Plenty Regional Council,TP,13,888
Bay of Plenty Regional Council,TP,14,527
Bay of Plenty Regional Council,TP,15,208
Bay of Plenty Regional Council,TP,16,52
Bay of Plenty Regional Council,TP,17,10
Bay of Plenty Regional Council,TP,18,6
Bay of Plenty Regional Council,TURB,6,18
Bay of Plenty Regional Council,TURB,7,30
Bay of Plenty Regional Council,TURB,8,342
Bay of Plenty Regional Council,TURB,9,1099
Bay of Plenty Regional Council,TURB,10,1622
Bay of Plenty Regional Council,TURB,11,1431
Bay of Plenty Regional Council,TURB,12,1195
Bay of Plenty Regional Council,TURB,13,902
Bay of Plenty Regional Council,TURB,14,539
Bay of Plenty Regional Council,TURB,15,222
Bay of Plenty Regional Council,TURB,16,53
Bay of Plenty Regional Council,TURB,17,15
Bay of Plenty Regional Council,TURB,18,8
Environment Canterbury,BDISC,6,19
Environment Canterbury,BDISC,7,323
Environment Canterbury,BDISC,8,1078
Environment Canterbury,BDISC,9,1890
Environment Canterbury,BDISC,10,2249
Environment Canterbury,BDISC,11,2115
Environment Canterbury,BDISC,12,1732
Environment Canterbury,BDISC,13,928
Environment Canterbury,BDISC,14,290
Environment Canterbury,BDISC,15,94
Environment Canterbury,BDISC,16,30
Environment Canterbury,BDISC,17,6
Environment Canterbury,DIN,6,24
Environment Canterbury,DIN,7,440
Environment Canterbury,DIN,8,1600
Environment Canterbury,DIN,9,2960
Environment Canterbury,DIN,10,3789
Environment Canterbury,DIN,11,3501
Environment Canterbury,DIN,12,2940
Environment Canterbury,DIN,13,1727
Environment Canterbury,DIN,14,567
Environment Canterbury,DIN,15,158
Environment Canterbury,DIN,16,47
Environment Canterbury,DIN,17,7
Environment Canterbury,DRP,6,25
Environment Canterbury,DRP,7,446
Environment Canterbury,DRP,8,1604
Environment Canterbury,DRP,9,2966
Environment Canterbury,DRP,10,3797
Environment Canterbury,DRP,11,3506
Environment Canterbury,DRP,12,2948
Environment Canterbury,DRP,13,1731
Environment Canterbury,DRP,14,574
Environment Canterbury,DRP,15,163
Environment Canterbury,DRP,16,50
Environment Canterbury,DRP,17,7
Environment Canterbury,ECOLI,6,25
Environment Canterbury,ECOLI,7,446
Environment Canterbury,ECOLI,8,1600
Environment Canterbury,ECOLI,9,2935
Environment Canterbury,ECOLI,10,3703
Environment Canterbury,ECOLI,11,3394
Environment Canterbury,ECOLI,12,2854
Environment Canterbury,ECOLI,13,1694
Environment Canterbury,ECOLI,14,566
Environment Canterbury,ECOLI,15,162
Environment Canterbury,ECOLI,16,50
Environment Canterbury,ECOLI,17,7
Environment Canterbury,NH4,6,25
Environment Canterbury,NH4,7,445
Environment Canterbury,NH4,8,1604
Environment Canterbury,NH4,9,2967
Environment Canterbury,NH4,10,3796
Environment Canterbury,NH4,11,3507
Environment Canterbury,NH4,12,2947
Environment Canterbury,NH4,13,1732
Environment Canterbury,NH4,14,574
Environment Canterbury,NH4,15,163
Environment Canterbury,NH4,16,50
Environment Canterbury,NH4,17,7
Environment Canterbury,NO3N,8,9
Environment Canterbury,NO3N,9,20
Environment Canterbury,NO3N,10,30
Environment Canterbury,NO3N,11,30
Environment Canterbury,NO3N,12,37
Environment Canterbury,NO3N,13,19
Environment Canterbury,NO3N,14,5
Environment Canterbury,NO3N,15,1
Environment Canterbury,NO3N,16,2
Environment Canterbury,PH,6,25
Environment Canterbury,PH,7,442
Environment Canterbury,PH,8,1584
Environment Canterbury,PH,9,2924
Environment Canterbury,PH,10,3696
Environment Canterbury,PH,11,3374
Environment Canterbury,PH,12,2854
Environment Canterbury,PH,13,1668
Environment Canterbury,PH,14,552
Environment Canterbury,PH,15,160
Environment Canterbury,PH,16,49
Environment Canterbury,PH,17,7
Environment Canterbury,TN,6,25
Environment Canterbury,TN,7,446
Environment Canterbury,TN,8,1602
Environment Canterbury,TN,9,2967
Environment Canterbury,TN,10,3797
Environment Canterbury,TN,11,3507
Environment Canterbury,TN,12,2949
Environment Canterbury,TN,13,1733
Environment Canterbury,TN,14,574
Environment Canterbury,TN,15,163
Environment Canterbury,TN,16,50
Environment Canterbury,TN,17,7
Environment Canterbury,TON,6,25
Environment Canterbury,TON,7,446
Environment Canterbury,TON,8,1604
Environment Canterbury,TON,9,2967
Environment Canterbury,TON,10,3797
Environment Canterbury,TON,11,3507
Environment Canterbury,TON,12,2949
Environment Canterbury,TON,13,1732
Environment Canterbury,TON,14,574
Environment Canterbury,TON,15,163
Environment Canterbury,TON,16,50
Environment Canterbury,TON,17,7
Environment Canterbury,TP,6,24
Environment Canterbury,TP,7,446
Environment Canterbury,TP,8,1602
Environment Canterbury,TP,9,2968
Environment Canterbury,TP,10,3794
Environment Canterbury,TP,11,3507
Environment Canterbury,TP,12,2949
Environment Canterbury,TP,13,1733
Environment Canterbury,TP,14,574
Environment Canterbury,TP,15,163
Environment Canterbury,TP,16,50
Environment Canterbury,TP,17,7
Environment Canterbury,TURB,6,25
Environment Canterbury,TURB,7,446
Environment Canterbury,TURB,8,1603
Environment Canterbury,TURB,9,2962
Environment Canterbury,TURB,10,3766
Environment Canterbury,TURB,11,3461
Environment Canterbury,TURB,12,2911
Environment Canterbury,TURB,13,1715
Environment Canterbury,TURB,14,572
Environment Canterbury,TURB,15,163
Environment Canterbury,TURB,16,50
Environment Canterbury,TURB,17,7
Environment Southland,BDISC,6,15
Environment Southland,BDISC,7,182
Environment Southland,BDISC,8,856
Environment Southland,BDISC,9,1719
Environment Southland,BDISC,10,2288
Environment Southland,BDISC,11,2397
Environment Southland,BDISC,12,1982
Environment Southland,BDISC,13,1407
Environment Southland,BDISC,14,550
Environment Southland,BDISC,15,85
Environment Southland,BDISC,16,2
Environment Southland,BDISC,17,1
Environment Southland,DIN,6,132
Environment Southland,DIN,7,448
Environment Southland,DIN,8,1414
Environment Southland,DIN,9,2499
Environment Southland,DIN,10,3115
Environment Southland,DIN,11,3011
Environment Southland,DIN,12,2329
Environment Southland,DIN,13,1548
Environment Southland,DIN,14,604
Environment Southland,DIN,15,98
Environment Southland,DIN,16,18
Environment Southland,DIN,17,45
Environment Southland,DIN,18,1
Environment Southland,DRP,6,15
Environment Southland,DRP,7,187
Environment Southland,DRP,8,905
Environment Southland,DRP,9,1854
Environment Southland,DRP,10,2460
Environment Southland,DRP,11,2561
Environment Southland,DRP,12,2162
Environment Southland,DRP,13,1493
Environment Southland,DRP,14,579
Environment Southland,DRP,15,88
Environment Southland,DRP,16,2
Environment Southland,DRP,17,2
Environment Southland,ECOLI,6,18
Environment Southland,ECOLI,7,199
Environment Southland,ECOLI,8,918
Environment Southland,ECOLI,9,1881
Environment Southland,ECOLI,10,2517
Environment Southland,ECOLI,11,2687
Environment Southland,ECOLI,12,2292
Environment Southland,ECOLI,13,1596
Environment Southland,ECOLI,14,625
Environment Southland,ECOLI,15,99
Environment Southland,ECOLI,16,2
Environment Southland,ECOLI,17,2
Environment Southland,NH4,6,18
Environment Southland,NH4,7,192
Environment Southland,NH4,8,907
Environment Southland,NH4,9,1857
Environment Southland,NH4,10,2461
Environment Southland,NH4,11,2563
Environment Southland,NH4,12,2165
Environment Southland,NH4,13,1494
Environment Southland,NH4,14,579
Environment Southland,NH4,15,88
Environment Southland,NH4,16,2
Environment Southland,NH4,17,2
Environment Southland,NO3N,6,1
Environment Southland,NO3N,7,73
Environment Southland,NO3N,8,376
Environment Southland,NO3N,9,891
Environment Southland,NO3N,10,1359
Environment Southland,NO3N,11,1500
Environment Southland,NO3N,12,1418
Environment Southland,NO3N,13,1137
Environment Southland,NO3N,14,483
Environment Southland,NO3N,15,73
Environment Southland,NO3N,16,2
Environment Southland,PH,6,18
Environment Southland,PH,7,192
Environment Southland,PH,8,908
Environment Southland,PH,9,1856
Environment Southland,PH,10,2460
Environment Southland,PH,11,2569
Environment Southland,PH,12,2166
Environment Southland,PH,13,1495
Environment Southland,PH,14,579
Environment Southland,PH,15,90
Environment Southland,PH,16,2
Environment Southland,PH,17,2
Environment Southland,TN,6,18
Environment Southland,TN,7,192
Environment Southland,TN,8,908
Environment Southland,TN,9,1855
Environment Southland,TN,10,2459
Environment Southland,TN,11,2562
Environment Southland,TN,12,2164
Environment Southland,TN,13,1494
Environment Southland,TN,14,579
Environment Southland,TN,15,88
Environment Southland,TN,16,2
Environment Southland,TN,17,2
Environment Southland,TON,6,18
Environment Southland,TON,7,192
Environment Southland,TON,8,907
Environment Southland,TON,9,1856
Environment Southland,TON,10,2461
Environment Southland,TON,11,2563
Environment Southland,TON,12,2166
Environment Southland,TON,13,1493
Environment Southland,TON,14,578
Environment Southland,TON,15,88
Environment Southland,TON,16,2
Environment Southland,TON,17,2
Environment Southland,TP,6,15
Environment Southland,TP,7,188
Environment Southland,TP,8,907
Environment Southland,TP,9,1854
Environment Southland,TP,10,2460
Environment Southland,TP,11,2563
Environment Southland,TP,12,2164
Environment Southland,TP,13,1494
Environment Southland,TP,14,579
Environment Southland,TP,15,88
Environment Southland,TP,16,2
Environment Southland,TP,17,2
Environment Southland,TURB,6,15
Environment Southland,TURB,7,184
Environment Southland,TURB,8,864
Environment Southland,TURB,9,1762
Environment Southland,TURB,10,2336
Environment Southland,TURB,11,2461
Environment Southland,TURB,12,2075
Environment Southland,TURB,13,1465
Environment Southland,TURB,14,574
Environment Southland,TURB,15,86
Environment Southland,TURB,16,2
Environment Southland,TURB,17,2
Gisborne District Council,BDISC,6,9
Gisborne District Council,BDISC,7,89
Gisborne District Council,BDISC,8,275
Gisborne District Council,BDISC,9,400
Gisborne District Council,BDISC,10,414
Gisborne District Council,BDISC,11,310
Gisborne District Council,BDISC,12,171
Gisborne District Council,BDISC,13,97
Gisborne District Council,BDISC,14,27
Gisborne District Council,BDISC,15,3
Gisborne District Council,DIN,6,10
Gisborne District Council,DIN,7,105
Gisborne District Council,DIN,8,407
Gisborne District Council,DIN,9,640
Gisborne District Council,DIN,10,640
Gisborne District Council,DIN,11,490
Gisborne District Council,DIN,12,295
Gisborne District Council,DIN,13,159
Gisborne District Council,DIN,14,53
Gisborne District Council,DIN,15,6
Gisborne District Council,DRP,6,78
Gisborne District Council,DRP,7,532
Gisborne District Council,DRP,8,1146
Gisborne District Council,DRP,9,1440
Gisborne District Council,DRP,10,1230
Gisborne District Council,DRP,11,833
Gisborne District Council,DRP,12,443
Gisborne District Council,DRP,13,190
Gisborne District Council,DRP,14,63
Gisborne District Council,DRP,15,9
Gisborne District Council,DRP,16,6
Gisborne District Council,DRP,17,4
Gisborne District Council,ECOLI,6,89
Gisborne District Council,ECOLI,7,608
Gisborne District Council,ECOLI,8,1355
Gisborne District Council,ECOLI,9,1707
Gisborne District Council,ECOLI,10,1339
Gisborne District Council,ECOLI,11,898
Gisborne District Council,ECOLI,12,484
Gisborne District Council,ECOLI,13,213
Gisborne District Council,ECOLI,14,69
Gisborne District Council,ECOLI,15,10
Gisborne District Council,ECOLI,16,5
Gisborne District Council,ECOLI,17,7
Gisborne District Council,NH4,6,82
Gisborne District Council,NH4,7,541
Gisborne District Council,NH4,8,1164
Gisborne District Council,NH4,9,1477
Gisborne District Council,NH4,10,1264
Gisborne District Council,NH4,11,857
Gisborne District Council,NH4,12,453
Gisborne District Council,NH4,13,192
Gisborne District Council,NH4,14,62
Gisborne District Council,NH4,15,9
Gisborne District Council,NH4,16,6
Gisborne District Council,NH4,17,5
Gisborne District Council,NO3N,6,36
Gisborne District Council,NO3N,7,393
Gisborne District Council,NO3N,8,969
Gisborne District Council,NO3N,9,1256
Gisborne District Council,NO3N,10,1094
Gisborne District Council,NO3N,11,702
Gisborne District Council,NO3N,12,391
Gisborne District Council,NO3N,13,188
Gisborne District Council,NO3N,14,61
Gisborne District Council,NO3N,15,9
Gisborne District Council,NO3N,16,6
Gisborne District Council,NO3N,17,2
Gisborne District Council,PH,6,86
Gisborne District Council,PH,7,604
Gisborne District Council,PH,8,1284
Gisborne District Council,PH,9,1557
Gisborne District Council,PH,10,1274
Gisborne District Council,PH,11,858
Gisborne District Council,PH,12,456
Gisborne District Council,PH,13,199
Gisborne District Council,PH,14,67
Gisborne District Council,PH,15,10
Gisborne District Council,PH,16,6
Gisborne District Council,PH,17,5
Gisborne District Council,TN,6,16
Gisborne District Council,TN,7,162
Gisborne District Council,TN,8,492
Gisborne District Council,TN,9,798
Gisborne District Council,TN,10,796
Gisborne District Council,TN,11,594
Gisborne District Council,TN,12,372
Gisborne District Council,TN,13,186
Gisborne District Council,TN,14,62
Gisborne District Council,TN,15,8
Gisborne District Council,TN,16,5
Gisborne District Council,TON,6,10
Gisborne District Council,TON,7,122
Gisborne District Council,TON,8,458
Gisborne District Council,TON,9,764
Gisborne District Council,TON,10,777
Gisborne District Council,TON,11,580
Gisborne District Council,TON,12,367
Gisborne District Council,TON,13,183
Gisborne District Council,TON,14,62
Gisborne District Council,TON,15,8
Gisborne District Council,TON,16,5
Gisborne District Council,TP,6,16
Gisborne District Council,TP,7,161
Gisborne District Council,TP,8,498
Gisborne District Council,TP,9,799
Gisborne District Council,TP,10,799
Gisborne District Council,TP,11,599
Gisborne District Council,TP,12,370
Gisborne District Council,TP,13,186
Gisborne District Council,TP,14,62
Gisborne District Council,TP,15,8
Gisborne District Council,TP,16,5
Gisborne District Council,TURB,6,87
Gisborne District Council,TURB,7,562
Gisborne District Council,TURB,8,1154
Gisborne District Council,TURB,9,1401
Gisborne District Council,TURB,10,1167
Gisborne District Council,TURB,11,777
Gisborne District Council,TURB,12,400
Gisborne District Council,TURB,13,168
Gisborne District Council,TURB,14,55
Gisborne District Council,TURB,15,8
Gisborne District Council,TURB,16,5
Gisborne District Council,TURB,17,6
Gisborne District Council,TURBFNU,6,9
Gisborne District Council,TURBFNU,7,75
Gisborne District Council,TURBFNU,8,194
Gisborne District Council,TURBFNU,9,313
Gisborne District Council,TURBFNU,10,319
Gisborne District Council,TURBFNU,11,235
Gisborne District Council,TURBFNU,12,138
Gisborne District Council,TURBFNU,13,68
Gisborne District Council,TURBFNU,14,21
Gisborne District Council,TURBFNU,15,1
Greater Wellington Regional Council,BDISC,6,2
Greater Wellington Regional Council,BDISC,7,33
Greater Wellington Regional Council,BDISC,8,945
Greater Wellington Regional Council,BDISC,9,1487
Greater Wellington Regional Council,BDISC,10,1585
Greater Wellington Regional Council,BDISC,11,1497
Greater Wellington Regional Council,BDISC,12,1326
Greater Wellington Regional Council,BDISC,13,1262
Greater Wellington Regional Council,BDISC,14,813
Greater Wellington Regional Council,BDISC,15,331
Greater Wellington Regional Council,BDISC,16,23
Greater Wellington Regional Council,BDISC,17,1
Greater Wellington Regional Council,DIN,6,2
Greater Wellington Regional Council,DIN,7,31
Greater Wellington Regional Council,DIN,8,945
Greater Wellington Regional Council,DIN,9,1481
Greater Wellington Regional Council,DIN,10,1586
Greater Wellington Regional Council,DIN,11,1506
Greater Wellington Regional Council,DIN,12,1324
Greater Wellington Regional Council,DIN,13,1256
Greater Wellington Regional Council,DIN,14,810
Greater Wellington Regional Council,DIN,15,328
Greater Wellington Regional Council,DIN,16,22
Greater Wellington Regional Council,DIN,17,1
Greater Wellington Regional Council,DRP,6,2
Greater Wellington Regional Council,DRP,7,31
Greater Wellington Regional Council,DRP,8,950
Greater Wellington Regional Council,DRP,9,1489
Greater Wellington Regional Council,DRP,10,1585
Greater Wellington Regional Council,DRP,11,1505
Greater Wellington Regional Council,DRP,12,1324
Greater Wellington Regional Council,DRP,13,1256
Greater Wellington Regional Council,DRP,14,811
Greater Wellington Regional Council,DRP,15,328
Greater Wellington Regional Council,DRP,16,22
Greater Wellington Regional Council,DRP,17,1
Greater Wellington Regional Council,ECOLI,6,2
Greater Wellington Regional Council,ECOLI,7,31
Greater Wellington Regional Council,ECOLI,8,948
Greater Wellington Regional Council,ECOLI,9,1487
Greater Wellington Regional Council,ECOLI,10,1584
Greater Wellington Regional Council,ECOLI,11,1505
Greater Wellington Regional Council,ECOLI,12,1324
Greater Wellington Regional Council,ECOLI,13,1254
Greater Wellington Regional Council,ECOLI,14,810
Greater Wellington Regional Council,ECOLI,15,328
Greater Wellington Regional Council,ECOLI,16,22
Greater Wellington Regional Council,ECOLI,17,1
Greater Wellington Regional Council,NH4,6,2
Greater Wellington Regional Council,NH4,7,31
Greater Wellington Regional Council,NH4,8,951
Greater Wellington Regional Council,NH4,9,1489
Greater Wellington Regional Council,NH4,10,1586
Greater Wellington Regional Council,NH4,11,1506
Greater Wellington Regional Council,NH4,12,1324
Greater Wellington Regional Council,NH4,13,1256
Greater Wellington Regional Council,NH4,14,810
Greater Wellington Regional Council,NH4,15,328
Greater Wellington Regional Council,NH4,16,22
Greater Wellington Regional Council,NH4,17,1
Greater Wellington Regional Council,NO3N,6,2
Greater Wellington Regional Council,NO3N,7,31
Greater Wellington Regional Council,NO3N,8,951
Greater Wellington Regional Council,NO3N,9,1487
Greater Wellington Regional Council,NO3N,10,1586
Greater Wellington Regional Council,NO3N,11,1506
Greater Wellington Regional Council,NO3N,12,1324
Greater Wellington Regional Council,NO3N,13,1256
Greater Wellington Regional Council,NO3N,14,811
Greater Wellington Regional Council,NO3N,15,328
Greater Wellington Regional Council,NO3N,16,22
Greater Wellington Regional Council,NO3N,17,1
Greater Wellington Regional Council,PH,6,2
Greater Wellington Regional Council,PH,7,31
Greater Wellington Regional Council,PH,8,949
Greater Wellington Regional Council,PH,9,1488
Greater Wellington Regional Council,PH,10,1585
Greater Wellington Regional Council,PH,11,1505
Greater Wellington Regional Council,PH,12,1323
Greater Wellington Regional Council,PH,13,1255
Greater Wellington Regional Council,PH,14,811
Greater Wellington Regional Council,PH,15,328
Greater Wellington Regional Council,PH,16,21
Greater Wellington Regional Council,PH,17,1
Greater Wellington Regional Council,TN,6,2
Greater Wellington Regional Council,TN,7,31
Greater Wellington Regional Council,TN,8,951
Greater Wellington Regional Council,TN,9,1489
Greater Wellington Regional Council,TN,10,1586
Greater Wellington Regional Council,TN,11,1507
Greater Wellington Regional Council,TN,12,1326
Greater Wellington Regional Council,TN,13,1257
Greater Wellington Regional Council,TN,14,811
Greater Wellington Regional Council,TN,15,329
Greater Wellington Regional Council,TN,16,22
Greater Wellington Regional Council,TN,17,1
Greater Wellington Regional Council,TON,6,2
Greater Wellington Regional Council,TON,7,31
Greater Wellington Regional Council,TON,8,950
Greater Wellington Regional Council,TON,9,1489
Greater Wellington Regional Council,TON,10,1586
Greater Wellington Regional Council,TON,11,1507
Greater Wellington Regional Council,TON,12,1325
Greater Wellington Regional Council,TON,13,1257
Greater Wellington Regional Council,TON,14,811
Greater Wellington Regional Council,TON,15,329
Greater Wellington Regional Council,TON,16,22
Greater Wellington Regional Council,TON,17,1
Greater Wellington Regional Council,TP,6,2
Greater Wellington Regional Council,TP,7,31
Greater Wellington Regional Council,TP,8,951
Greater Wellington Regional Council,TP,9,1489
Greater Wellington Regional Council,TP,10,1586
Greater Wellington Regional Council,TP,11,1507
Greater Wellington Regional Council,TP,12,1326
Greater Wellington Regional Council,TP,13,1257
Greater Wellington Regional Council,TP,14,811
Greater Wellington Regional Council,TP,15,329
Greater Wellington Regional Council,TP,16,22
Greater Wellington Regional Council,TP,17,1
Greater Wellington Regional Council,TURB,6,19
Greater Wellington Regional Council,TURB,7,58
Greater Wellington Regional Council,TURB,8,981
Greater Wellington Regional Council,TURB,9,1515
Greater Wellington Regional Council,TURB,10,1617
Greater Wellington Regional Council,TURB,11,1554
Greater Wellington Regional Council,TURB,12,1360
Greater Wellington Regional Council,TURB,13,1286
Greater Wellington Regional Council,TURB,14,829
Greater Wellington Regional Council,TURB,15,348
Greater Wellington Regional Council,TURB,16,31
Greater Wellington Regional Council,TURB,17,11
Greater Wellington Regional Council,TURB,18,5
Hawkes Bay Regional Council,BDISC,6,26
Hawkes Bay Regional Council,BDISC,7,185
Hawkes Bay Regional Council,BDISC,8,627
Hawkes Bay Regional Council,BDISC,9,1378
Hawkes Bay Regional Council,BDISC,10,1892
Hawkes Bay Regional Council,BDISC,11,1686
Hawkes Bay Regional Council,BDISC,12,1462
Hawkes Bay Regional Council,BDISC,13,1248
Hawkes Bay Regional Council,BDISC,14,822
Hawkes Bay Regional Council,BDISC,15,432
Hawkes Bay Regional Council,BDISC,16,141
Hawkes Bay Regional Council,BDISC,17,33
Hawkes Bay Regional Council,BDISC,18,1
Hawkes Bay Regional Council,DIN,6,25
Hawkes Bay Regional Council,DIN,7,195
Hawkes Bay Regional Council,DIN,8,687
Hawkes Bay Regional Council,DIN,9,1526
Hawkes Bay Regional Council,DIN,10,2102
Hawkes Bay Regional Council,DIN,11,1912
Hawkes Bay Regional Council,DIN,12,1684
Hawkes Bay Regional Council,DIN,13,1479
Hawkes Bay Regional Council,DIN,14,998
Hawkes Bay Regional Council,DIN,15,511
Hawkes Bay Regional Council,DIN,16,160
Hawkes Bay Regional Council,DIN,17,41
Hawkes Bay Regional Council,DIN,18,1
Hawkes Bay Regional Council,DRP,6,27
Hawkes Bay Regional Council,DRP,7,213
Hawkes Bay Regional Council,DRP,8,726
Hawkes Bay Regional Council,DRP,9,1594
Hawkes Bay Regional Council,DRP,10,2176
Hawkes Bay Regional Council,DRP,11,1963
Hawkes Bay Regional Council,DRP,12,1734
Hawkes Bay Regional Council,DRP,13,1530
Hawkes Bay Regional Council,DRP,14,1034
Hawkes Bay Regional Council,DRP,15,530
Hawkes Bay Regional Council,DRP,16,163
Hawkes Bay Regional Council,DRP,17,41
Hawkes Bay Regional Council,DRP,18,1
Hawkes Bay Regional Council,ECOLI,6,25
Hawkes Bay Regional Council,ECOLI,7,176
Hawkes Bay Regional Council,ECOLI,8,655
Hawkes Bay Regional Council,ECOLI,9,1448
Hawkes Bay Regional Council,ECOLI,10,2047
Hawkes Bay Regional Council,ECOLI,11,1883
Hawkes Bay Regional Council,ECOLI,12,1721
Hawkes Bay Regional Council,ECOLI,13,1513
Hawkes Bay Regional Council,ECOLI,14,1016
Hawkes Bay Regional Council,ECOLI,15,510
Hawkes Bay Regional Council,ECOLI,16,160
Hawkes Bay Regional Council,ECOLI,17,39
Hawkes Bay Regional Council,ECOLI,18,1
Hawkes Bay Regional Council,NH4,6,27
Hawkes Bay Regional Council,NH4,7,216
Hawkes Bay Regional Council,NH4,8,732
Hawkes Bay Regional Council,NH4,9,1611
Hawkes Bay Regional Council,NH4,10,2192
Hawkes Bay Regional Council,NH4,11,1978
Hawkes Bay Regional Council,NH4,12,1747
Hawkes Bay Regional Council,NH4,13,1532
Hawkes Bay Regional Council,NH4,14,1035
Hawkes Bay Regional Council,NH4,15,533
Hawkes Bay Regional Council,NH4,16,164
Hawkes Bay Regional Council,NH4,17,41
Hawkes Bay Regional Council,NH4,18,1
Hawkes Bay Regional Council,NO3N,6,27
Hawkes Bay Regional Council,NO3N,7,211
Hawkes Bay Regional Council,NO3N,8,726
Hawkes Bay Regional Council,NO3N,9,1607
Hawkes Bay Regional Council,NO3N,10,2188
Hawkes Bay Regional Council,NO3N,11,1975
Hawkes Bay Regional Council,NO3N,12,1741
Hawkes Bay Regional Council,NO3N,13,1532
Hawkes Bay Regional Council,NO3N,14,1034
Hawkes Bay Regional Council,NO3N,15,530
Hawkes Bay Regional Council,NO3N,16,164
Hawkes Bay Regional Council,NO3N,17,41
Hawkes Bay Regional Council,NO3N,18,1
Hawkes Bay Regional Council,PH,6,27
Hawkes Bay Regional Council,PH,7,215
Hawkes Bay Regional Council,PH,8,707
Hawkes Bay Regional Council,PH,9,1564
Hawkes Bay Regional Council,PH,10,2144
Hawkes Bay Regional Council,PH,11,1924
Hawkes Bay Regional Council,PH,12,1702
Hawkes Bay Regional Council,PH,13,1487
Hawkes Bay Regional Council,PH,14,994
Hawkes Bay Regional Council,PH,15,508
Hawkes Bay Regional Council,PH,16,157
Hawkes Bay Regional Council,PH,17,39
Hawkes Bay Regional Council,PH,18,1
Hawkes Bay Regional Council,TN,6,26
Hawkes Bay Regional Council,TN,7,216
Hawkes Bay Regional Council,TN,8,731
Hawkes Bay Regional Council,TN,9,1610
Hawkes Bay Regional Council,TN,10,2191
Hawkes Bay Regional Council,TN,11,1978
Hawkes Bay Regional Council,TN,12,1745
Hawkes Bay Regional Council,TN,13,1534
Hawkes Bay Regional Council,TN,14,1037
Hawkes Bay Regional Council,TN,15,533
Hawkes Bay Regional Council,TN,16,164
Hawkes Bay Regional Council,TN,17,41
Hawkes Bay Regional Council,TN,18,1
Hawkes Bay Regional Council,TON,6,27
Hawkes Bay Regional Council,TON,7,216
Hawkes Bay Regional Council,TON,8,731
Hawkes Bay Regional Council,TON,9,1610
Hawkes Bay Regional Council,TON,10,2191
Hawkes Bay Regional Council,TON,11,1979
Hawkes Bay Regional Council,TON,12,1745
Hawkes Bay Regional Council,TON,13,1536
Hawkes Bay Regional Council,TON,14,1037
Hawkes Bay Regional Council,TON,15,533
Hawkes Bay Regional Council,TON,16,164
Hawkes Bay Regional Council,TON,17,41
Hawkes Bay Regional Council,TON,18,1
Hawkes Bay Regional Council,TP,6,26
Hawkes Bay Regional Council,TP,7,215
Hawkes Bay Regional Council,TP,8,729
Hawkes Bay Regional Council,TP,9,1600
Hawkes Bay Regional Council,TP,10,2183
Hawkes Bay Regional Council,TP,11,1972
Hawkes Bay Regional Council,TP,12,1740
Hawkes Bay Regional Council,TP,13,1533
Hawkes Bay Regional Council,TP,14,1035
Hawkes Bay Regional Council,TP,15,530
Hawkes Bay Regional Council,TP,16,163
Hawkes Bay Regional Council,TP,17,41
Hawkes Bay Regional Council,TP,18,1
Hawkes Bay Regional Council,TURB,6,21
Hawkes Bay Regional Council,TURB,7,132
Hawkes Bay Regional Council,TURB,8,451
Hawkes Bay Regional Council,TURB,9,956
Hawkes Bay Regional Council,TURB,10,1348
Hawkes Bay Regional Council,TURB,11,1217
Hawkes Bay Regional Council,TURB,12,1173
Hawkes Bay Regional Council,TURB,13,1097
Hawkes Bay Regional Council,TURB,14,716
Hawkes Bay Regional Council,TURB,15,406
Hawkes Bay Regional Council,TURB,16,140
Hawkes Bay Regional Council,TURB,17,39
Hawkes Bay Regional Council,TURB,18,1
Hawkes Bay Regional Council,TURBFNU,6,11
Hawkes Bay Regional Council,TURBFNU,7,92
Hawkes Bay Regional Council,TURBFNU,8,296
Hawkes Bay Regional Council,TURBFNU,9,660
Hawkes Bay Regional Council,TURBFNU,10,893
Hawkes Bay Regional Council,TURBFNU,11,809
Hawkes Bay Regional Council,TURBFNU,12,665
Hawkes Bay Regional Council,TURBFNU,13,515
Hawkes Bay Regional Council,TURBFNU,14,315
Hawkes Bay Regional Council,TURBFNU,15,102
Hawkes Bay Regional Council,TURBFNU,16,10
Hawkes Bay Regional Council,TURBFNU,17,1
Horizons Regional Council,BDISC,6,29
Horizons Regional Council,BDISC,7,225
Horizons Regional Council,BDISC,8,1082
Horizons Regional Council,BDISC,9,2375
Horizons Regional Council,BDISC,10,3267
Horizons Regional Council,BDISC,11,3327
Horizons Regional Council,BDISC,12,2764
Horizons Regional Council,BDISC,13,2059
Horizons Regional Council,BDISC,14,1174
Horizons Regional Council,BDISC,15,342
Horizons Regional Council,BDISC,16,77
Horizons Regional Council,BDISC,17,16
Horizons Regional Council,BDISC,18,3
Horizons Regional Council,DIN,6,35
Horizons Regional Council,DIN,7,270
Horizons Regional Council,DIN,8,1400
Horizons Regional Council,DIN,9,3266
Horizons Regional Council,DIN,10,4359
Horizons Regional Council,DIN,11,4330
Horizons Regional Council,DIN,12,3672
Horizons Regional Council,DIN,13,2794
Horizons Regional Council,DIN,14,1536
Horizons Regional Council,DIN,15,422
Horizons Regional Council,DIN,16,91
Horizons Regional Council,DIN,17,20
Horizons Regional Council,DIN,18,6
Horizons Regional Council,DRP,6,35
Horizons Regional Council,DRP,7,270
Horizons Regional Council,DRP,8,1408
Horizons Regional Council,DRP,9,3277
Horizons Regional Council,DRP,10,4361
Horizons Regional Council,DRP,11,4328
Horizons Regional Council,DRP,12,3675
Horizons Regional Council,DRP,13,2794
Horizons Regional Council,DRP,14,1534
Horizons Regional Council,DRP,15,422
Horizons Regional Council,DRP,16,91
Horizons Regional Council,DRP,17,20
Horizons Regional Council,DRP,18,6
Horizons Regional Council,ECOLI,6,33
Horizons Regional Council,ECOLI,7,268
Horizons Regional Council,ECOLI,8,1363
Horizons Regional Council,ECOLI,9,3187
Horizons Regional Council,ECOLI,10,4301
Horizons Regional Council,ECOLI,11,4292
Horizons Regional Council,ECOLI,12,3615
Horizons Regional Council,ECOLI,13,2756
Horizons Regional Council,ECOLI,14,1529
Horizons Regional Council,ECOLI,15,420
Horizons Regional Council,ECOLI,16,89
Horizons Regional Council,ECOLI,17,20
Horizons Regional Council,ECOLI,18,6
Horizons Regional Council,NH4,6,35
Horizons Regional Council,NH4,7,269
Horizons Regional Council,NH4,8,1406
Horizons Regional Council,NH4,9,3272
Horizons Regional Council,NH4,10,4357
Horizons Regional Council,NH4,11,4327
Horizons Regional Council,NH4,12,3671
Horizons Regional Council,NH4,13,2793
Horizons Regional Council,NH4,14,1533
Horizons Regional Council,NH4,15,422
Horizons Regional Council,NH4,16,91
Horizons Regional Council,NH4,17,20
Horizons Regional Council,NH4,18,6
Horizons Regional Council,NO3N,6,35
Horizons Regional Council,NO3N,7,249
Horizons Regional Council,NO3N,8,1313
Horizons Regional Council,NO3N,9,3076
Horizons Regional Council,NO3N,10,4081
Horizons Regional Council,NO3N,11,4048
Horizons Regional Council,NO3N,12,3439
Horizons Regional Council,NO3N,13,2595
Horizons Regional Council,NO3N,14,1395
Horizons Regional Council,NO3N,15,376
Horizons Regional Council,NO3N,16,76
Horizons Regional Council,NO3N,17,20
Horizons Regional Council,NO3N,18,6
Horizons Regional Council,PH,6,35
Horizons Regional Council,PH,7,265
Horizons Regional Council,PH,8,1344
Horizons Regional Council,PH,9,3105
Horizons Regional Council,PH,10,4121
Horizons Regional Council,PH,11,4104
Horizons Regional Council,PH,12,3494
Horizons Regional Council,PH,13,2649
Horizons Regional Council,PH,14,1416
Horizons Regional Council,PH,15,383
Horizons Regional Council,PH,16,75
Horizons Regional Council,PH,17,19
Horizons Regional Council,PH,18,5
Horizons Regional Council,TN,6,35
Horizons Regional Council,TN,7,267
Horizons Regional Council,TN,8,1367
Horizons Regional Council,TN,9,3147
Horizons Regional Council,TN,10,4175
Horizons Regional Council,TN,11,4186
Horizons Regional Council,TN,12,3570
Horizons Regional Council,TN,13,2709
Horizons Regional Council,TN,14,1470
Horizons Regional Council,TN,15,397
Horizons Regional Council,TN,16,84
Horizons Regional Council,TN,17,20
Horizons Regional Council,TN,18,6
Horizons Regional Council,TON,6,35
Horizons Regional Council,TON,7,269
Horizons Regional Council,TON,8,1408
Horizons Regional Council,TON,9,3283
Horizons Regional Council,TON,10,4360
Horizons Regional Council,TON,11,4332
Horizons Regional Council,TON,12,3682
Horizons Regional Council,TON,13,2802
Horizons Regional Council,TON,14,1534
Horizons Regional Council,TON,15,422
Horizons Regional Council,TON,16,91
Horizons Regional Council,TON,17,20
Horizons Regional Council,TON,18,6
Horizons Regional Council,TP,6,35
Horizons Regional Council,TP,7,268
Horizons Regional Council,TP,8,1367
Horizons Regional Council,TP,9,3157
Horizons Regional Council,TP,10,4195
Horizons Regional Council,TP,11,4207
Horizons Regional Council,TP,12,3570
Horizons Regional Council,TP,13,2711
Horizons Regional Council,TP,14,1473
Horizons Regional Council,TP,15,397
Horizons Regional Council,TP,16,84
Horizons Regional Council,TP,17,20
Horizons Regional Council,TP,18,6
Horizons Regional Council,TURB,6,34
Horizons Regional Council,TURB,7,267
Horizons Regional Council,TURB,8,1358
Horizons Regional Council,TURB,9,3158
Horizons Regional Council,TURB,10,4265
Horizons Regional Council,TURB,11,4258
Horizons Regional Council,TURB,12,3567
Horizons Regional Council,TURB,13,2692
Horizons Regional Council,TURB,14,1510
Horizons Regional Council,TURB,15,415
Horizons Regional Council,TURB,16,90
Horizons Regional Council,TURB,17,20
Horizons Regional Council,TURB,18,6
Horizons Regional Council,TURBFNU,7,17
Horizons Regional Council,TURBFNU,8,115
Horizons Regional Council,TURBFNU,9,222
Horizons Regional Council,TURBFNU,10,310
Horizons Regional Council,TURBFNU,11,294
Horizons Regional Council,TURBFNU,12,274
Horizons Regional Council,TURBFNU,13,208
Horizons Regional Council,TURBFNU,14,108
Horizons Regional Council,TURBFNU,15,25
Horizons Regional Council,TURBFNU,16,4
Marlborough District Council,DIN,6,7
Marlborough District Council,DIN,7,39
Marlborough District Council,DIN,8,205
Marlborough District Council,DIN,9,536
Marlborough District Council,DIN,10,775
Marlborough District Council,DIN,11,746
Marlborough District Council,DIN,12,627
Marlborough District Council,DIN,13,481
Marlborough District Council,DIN,14,277
Marlborough District Council,DIN,15,58
Marlborough District Council,DIN,16,5
Marlborough District Council,DRP,6,6
Marlborough District Council,DRP,7,57
Marlborough District Council,DRP,8,324
Marlborough District Council,DRP,9,772
Marlborough District Council,DRP,10,1123
Marlborough District Council,DRP,11,1036
Marlborough District Council,DRP,12,907
Marlborough District Council,DRP,13,752
Marlborough District Council,DRP,14,418
Marlborough District Council,DRP,15,84
Marlborough District Council,DRP,16,7
Marlborough District Council,ECOLI,6,6
Marlborough District Council,ECOLI,7,55
Marlborough District Council,ECOLI,8,328
Marlborough District Council,ECOLI,9,774
Marlborough District Council,ECOLI,10,1121
Marlborough District Council,ECOLI,11,1044
Marlborough District Council,ECOLI,12,927
Marlborough District Council,ECOLI,13,757
Marlborough District Council,ECOLI,14,417
Marlborough District Council,ECOLI,15,85
Marlborough District Council,ECOLI,16,8
Marlborough District Council,NH4,6,6
Marlborough District Council,NH4,7,57
Marlborough District Council,NH4,8,325
Marlborough District Council,NH4,9,771
Marlborough District Council,NH4,10,1121
Marlborough District Council,NH4,11,1028
Marlborough District Council,NH4,12,903
Marlborough District Council,NH4,13,746
Marlborough District Council,NH4,14,416
Marlborough District Council,NH4,15,82
Marlborough District Council,NH4,16,7
Marlborough District Council,NO3N,6,6
Marlborough District Council,NO3N,7,57
Marlborough District Council,NO3N,8,326
Marlborough District Council,NO3N,9,771
Marlborough District Council,NO3N,10,1122
Marlborough District Council,NO3N,11,1038
Marlborough District Council,NO3N,12,910
Marlborough District Council,NO3N,13,756
Marlborough District Council,NO3N,14,420
Marlborough District Council,NO3N,15,85
Marlborough District Council,NO3N,16,7
Marlborough District Council,PH,6,6
Marlborough District Council,PH,7,57
Marlborough District Council,PH,8,324
Marlborough District Council,PH,9,773
Marlborough District Council,PH,10,1128
Marlborough District Council,PH,11,1053
Marlborough District Council,PH,12,920
Marlborough District Council,PH,13,752
Marlborough District Council,PH,14,419
Marlborough District Council,PH,15,85
Marlborough District Council,PH,16,9
Marlborough District Council,TN,6,6
Marlborough District Council,TN,7,32
Marlborough District Council,TN,8,124
Marlborough District Council,TN,9,296
Marlborough District Council,TN,10,432
Marlborough District Council,TN,11,448
Marlborough District Council,TN,12,350
Marlborough District Council,TN,13,270
Marlborough District Council,TN,14,150
Marlborough District Council,TN,15,34
Marlborough District Council,TN,16,1
Marlborough District Council,TON,6,6
Marlborough District Council,TON,7,57
Marlborough District Council,TON,8,325
Marlborough District Council,TON,9,769
Marlborough District Council,TON,10,1116
Marlborough District Council,TON,11,1030
Marlborough District Council,TON,12,904
Marlborough District Council,TON,13,745
Marlborough District Council,TON,14,416
Marlborough District Council,TON,15,83
Marlborough District Council,TON,16,7
Marlborough District Council,TP,6,6
Marlborough District Council,TP,7,32
Marlborough District Council,TP,8,124
Marlborough District Council,TP,9,296
Marlborough District Council,TP,10,432
Marlborough District Council,TP,11,448
Marlborough District Council,TP,12,350
Marlborough District Council,TP,13,270
Marlborough District Council,TP,14,150
Marlborough District Council,TP,15,34
Marlborough District Council,TP,16,1
Marlborough District Council,TURB,6,6
Marlborough District Council,TURB,7,57
Marlborough District Council,TURB,8,325
Marlborough District Council,TURB,9,770
Marlborough District Council,TURB,10,1125
Marlborough District Council,TURB,11,1057
Marlborough District Council,TURB,12,928
Marlborough District Council,TURB,13,757
Marlborough District Council,TURB,14,423
Marlborough District Council,TURB,15,86
Marlborough District Council,TURB,16,9
NIWA,BDISC,6,41
NIWA,BDISC,7,138
NIWA,BDISC,8,1213
NIWA,BDISC,9,1895
NIWA,BDISC,10,1504
NIWA,BDISC,11,1762
NIWA,BDISC,12,1390
NIWA,BDISC,13,1929
NIWA,BDISC,14,1635
NIWA,BDISC,15,716
NIWA,BDISC,16,71
NIWA,BDISC,17,16
NIWA,BDISC,18,1
NIWA,DRP,6,41
NIWA,DRP,7,138
NIWA,DRP,8,1213
NIWA,DRP,9,1895
NIWA,DRP,10,1504
NIWA,DRP,11,1762
NIWA,DRP,12,1390
NIWA,DRP,13,1929
NIWA,DRP,14,1635
NIWA,DRP,15,716
NIWA,DRP,16,71
NIWA,DRP,17,16
NIWA,DRP,18,1
NIWA,ECOLI,6,41
NIWA,ECOLI,7,138
NIWA,ECOLI,8,1213
NIWA,ECOLI,9,1895
NIWA,ECOLI,10,1504
NIWA,ECOLI,11,1762
NIWA,ECOLI,12,1390
NIWA,ECOLI,13,1929
NIWA,ECOLI,14,1635
NIWA,ECOLI,15,716
NIWA,ECOLI,16,71
NIWA,ECOLI,17,16
NIWA,ECOLI,18,1
NIWA,NH4,6,41
NIWA,NH4,7,138
NIWA,NH4,8,1213
NIWA,NH4,9,1895
NIWA,NH4,10,1504
NIWA,NH4,11,1762
NIWA,NH4,12,1390
NIWA,NH4,13,1929
NIWA,NH4,14,1635
NIWA,NH4,15,716
NIWA,NH4,16,71
NIWA,NH4,17,16
NIWA,NH4,18,1
NIWA,PH,6,41
NIWA,PH,7,138
NIWA,PH,8,1213
NIWA,PH,9,1895
NIWA,PH,10,1504
NIWA,PH,11,1762
NIWA,PH,12,1390
NIWA,PH,13,1929
NIWA,PH,14,1635
NIWA,PH,15,716
NIWA,PH,16,71
NIWA,PH,17,16
NIWA,PH,18,1
NIWA,TN,6,41
NIWA,TN,7,138
NIWA,TN,8,1213
NIWA,TN,9,1895
NIWA,TN,10,1504
NIWA,TN,11,1762
NIWA,TN,12,1390
NIWA,TN,13,1929
NIWA,TN,14,1635
NIWA,TN,15,716
NIWA,TN,16,71
NIWA,TN,17,16
NIWA,TN,18,1
NIWA,TON,6,41
NIWA,TON,7,138
NIWA,TON,8,1213
NIWA,TON,9,1895
NIWA,TON,10,1504
NIWA,TON,11,1762
NIWA,TON,12,1390
NIWA,TON,13,1929
NIWA,TON,14,1635
NIWA,TON,15,716
NIWA,TON,16,71
NIWA,TON,17,16
NIWA,TON,18,1
NIWA,TP,6,41
NIWA,TP,7,138
NIWA,TP,8,1213
NIWA,TP,9,1895
NIWA,TP,10,1504
NIWA,TP,11,1762
NIWA,TP,12,1390
NIWA,TP,13,1929
NIWA,TP,14,1635
NIWA,TP,15,716
NIWA,TP,16,71
NIWA,TP,17,16
NIWA,TP,18,1
NIWA,TURB,6,41
NIWA,TURB,7,138
NIWA,TURB,8,1213
NIWA,TURB,9,1895
NIWA,TURB,10,1504
NIWA,TURB,11,1762
NIWA,TURB,12,1390
NIWA,TURB,13,1929
NIWA,TURB,14,1635
NIWA,TURB,15,716
NIWA,TURB,16,71
NIWA,TURB,17,16
NIWA,TURB,18,1
Nelson City Council,BDISC,7,15
Nelson City Council,BDISC,8,285
Nelson City Council,BDISC,9,460
Nelson City Council,BDISC,10,572
Nelson City Council,BDISC,11,537
Nelson City Council,BDISC,12,419
Nelson City Council,BDISC,13,368
Nelson City Council,BDISC,14,294
Nelson City Council,BDISC,15,122
Nelson City Council,BDISC,16,43
Nelson City Council,BDISC,17,15
Nelson City Council,BDISC,18,5
Nelson City Council,DIN,7,9
Nelson City Council,DIN,8,177
Nelson City Council,DIN,9,255
Nelson City Council,DIN,10,280
Nelson City Council,DIN,11,254
Nelson City Council,DIN,12,199
Nelson City Council,DIN,13,182
Nelson City Council,DIN,14,125
Nelson City Council,DIN,15,23
Nelson City Council,DRP,7,15
Nelson City Council,DRP,8,297
Nelson City Council,DRP,9,475
Nelson City Council,DRP,10,591
Nelson City Council,DRP,11,563
Nelson City Council,DRP,12,436
Nelson City Council,DRP,13,390
Nelson City Council,DRP,14,303
Nelson City Council,DRP,15,127
Nelson City Council,DRP,16,47
Nelson City Council,DRP,17,15
Nelson City Council,DRP,18,5
Nelson City Council,ECOLI,7,15
Nelson City Council,ECOLI,8,290
Nelson City Council,ECOLI,9,468
Nelson City Council,ECOLI,10,587
Nelson City Council,ECOLI,11,555
Nelson City Council,ECOLI,12,433
Nelson City Council,ECOLI,13,384
Nelson City Council,ECOLI,14,301
Nelson City Council,ECOLI,15,126
Nelson City Council,ECOLI,16,47
Nelson City Council,ECOLI,17,15
Nelson City Council,ECOLI,18,5
Nelson City Council,NH4,7,15
Nelson City Council,NH4,8,294
Nelson City Council,NH4,9,471
Nelson City Council,NH4,10,588
Nelson City Council,NH4,11,560
Nelson City Council,NH4,12,434
Nelson City Council,NH4,13,387
Nelson City Council,NH4,14,298
Nelson City Council,NH4,15,125
Nelson City Council,NH4,16,47
Nelson City Council,NH4,17,15
Nelson City Council,NH4,18,5
Nelson City Council,NO3N,7,16
Nelson City Council,NO3N,8,295
Nelson City Council,NO3N,9,472
Nelson City Council,NO3N,10,590
Nelson City Council,NO3N,11,560
Nelson City Council,NO3N,12,435
Nelson City Council,NO3N,13,387
Nelson City Council,NO3N,14,299
Nelson City Council,NO3N,15,127
Nelson City Council,NO3N,16,46
Nelson City Council,NO3N,17,15
Nelson City Council,NO3N,18,5
Nelson City Council,PH,7,15
Nelson City Council,PH,8,290
Nelson City Council,PH,9,469
Nelson City Council,PH,10,584
Nelson City Council,PH,11,556
Nelson City Council,PH,12,428
Nelson City Council,PH,13,386
Nelson City Council,PH,14,303
Nelson City Council,PH,15,126
Nelson City Council,PH,16,47
Nelson City Council,PH,17,15
Nelson City Council,PH,18,5
Nelson City Council,TN,7,13
Nelson City Council,TN,8,236
Nelson City Council,TN,9,343
Nelson City Council,TN,10,417
Nelson City Council,TN,11,398
Nelson City Council,TN,12,311
Nelson City Council,TN,13,259
Nelson City Council,TN,14,167
Nelson City Council,TN,15,26
Nelson City Council,TON,7,9
Nelson City Council,TON,8,178
Nelson City Council,TON,9,253
Nelson City Council,TON,10,274
Nelson City Council,TON,11,254
Nelson City Council,TON,12,193
Nelson City Council,TON,13,182
Nelson City Council,TON,14,123
Nelson City Council,TON,15,23
Nelson City Council,TON,17,1
Nelson City Council,TP,7,13
Nelson City Council,TP,8,234
Nelson City Council,TP,9,342
Nelson City Council,TP,10,413
Nelson City Council,TP,11,393
Nelson City Council,TP,12,306
Nelson City Council,TP,13,256
Nelson City Council,TP,14,167
Nelson City Council,TP,15,26
Nelson City Council,TURB,7,14
Nelson City Council,TURB,8,265
Nelson City Council,TURB,9,424
Nelson City Council,TURB,10,550
Nelson City Council,TURB,11,509
Nelson City Council,TURB,12,393
Nelson City Council,TURB,13,341
Nelson City Council,TURB,14,278
Nelson City Council,TURB,15,124
Nelson City Council,TURB,16,47
Nelson City Council,TURB,17,15
Nelson City Council,TURB,18,5
Northland Regional Council,BDISC,6,8
Northland Regional Council,BDISC,7,178
Northland Regional Council,BDISC,8,744
Northland Regional Council,BDISC,9,1197
Northland Regional Council,BDISC,10,1137
Northland Regional Council,BDISC,11,1152
Northland Regional Council,BDISC,12,969
Northland Regional Council,BDISC,13,812
Northland Regional Council,BDISC,14,493
Northland Regional Council,BDISC,15,201
Northland Regional Council,BDISC,16,20
Northland Regional Council,BDISC,17,1
Northland Regional Council,DIN,7,10
Northland Regional Council,DIN,8,162
Northland Regional Council,DIN,9,331
Northland Regional Council,DIN,10,352
Northland Regional Council,DIN,11,334
Northland Regional Council,DIN,12,262
Northland Regional Council,DIN,13,149
Northland Regional Council,DIN,14,46
Northland Regional Council,DIN,15,4
Northland Regional Council,DRP,6,8
Northland Regional Council,DRP,7,190
Northland Regional Council,DRP,8,775
Northland Regional Council,DRP,9,1256
Northland Regional Council,DRP,10,1215
Northland Regional Council,DRP,11,1214
Northland Regional Council,DRP,12,1046
Northland Regional Council,DRP,13,850
Northland Regional Council,DRP,14,512
Northland Regional Council,DRP,15,207
Northland Regional Council,DRP,16,19
Northland Regional Council,DRP,17,1
Northland Regional Council,ECOLI,6,8
Northland Regional Council,ECOLI,7,192
Northland Regional Council,ECOLI,8,780
Northland Regional Council,ECOLI,9,1256
Northland Regional Council,ECOLI,10,1208
Northland Regional Council,ECOLI,11,1174
Northland Regional Council,ECOLI,12,1034
Northland Regional Council,ECOLI,13,847
Northland Regional Council,ECOLI,14,515
Northland Regional Council,ECOLI,15,208
Northland Regional Council,ECOLI,16,19
Northland Regional Council,ECOLI,17,1
Northland Regional Council,NH4,6,8
Northland Regional Council,NH4,7,193
Northland Regional Council,NH4,8,783
Northland Regional Council,NH4,9,1263
Northland Regional Council,NH4,10,1222
Northland Regional Council,NH4,11,1218
Northland Regional Council,NH4,12,1058
Northland Regional Council,NH4,13,853
Northland Regional Council,NH4,14,516
Northland Regional Council,NH4,15,207
Northland Regional Council,NH4,16,19
Northland Regional Council,NH4,17,1
Northland Regional Council,NO3N,6,8
Northland Regional Council,NO3N,7,118
Northland Regional Council,NO3N,8,560
Northland Regional Council,NO3N,9,945
Northland Regional Council,NO3N,10,891
Northland Regional Council,NO3N,11,861
Northland Regional Council,NO3N,12,726
Northland Regional Council,NO3N,13,561
Northland Regional Council,NO3N,14,282
Northland Regional Council,NO3N,15,68
Northland Regional Council,NO3N,16,5
Northland Regional Council,NO3N,17,1
Northland Regional Council,PH,6,8
Northland Regional Council,PH,7,194
Northland Regional Council,PH,8,781
Northland Regional Council,PH,9,1253
Northland Regional Council,PH,10,1238
Northland Regional Council,PH,11,1241
Northland Regional Council,PH,12,1072
Northland Regional Council,PH,13,861
Northland Regional Council,PH,14,518
Northland Regional Council,PH,15,208
Northland Regional Council,PH,16,20
Northland Regional Council,PH,17,1
Northland Regional Council,PH,18,1
Northland Regional Council,TN,6,8
Northland Regional Council,TN,7,120
Northland Regional Council,TN,8,563
Northland Regional Council,TN,9,950
Northland Regional Council,TN,10,919
Northland Regional Council,TN,11,923
Northland Regional Council,TN,12,758
Northland Regional Council,TN,13,603
Northland Regional Council,TN,14,422
Northland Regional Council,TN,15,193
Northland Regional Council,TN,16,20
Northland Regional Council,TN,17,1
Northland Regional Council,TN,18,1
Northland Regional Council,TON,6,8
Northland Regional Council,TON,7,193
Northland Regional Council,TON,8,781
Northland Regional Council,TON,9,1263
Northland Regional Council,TON,10,1224
Northland Regional Council,TON,11,1221
Northland Regional Council,TON,12,1059
Northland Regional Council,TON,13,854
Northland Regional Council,TON,14,515
Northland Regional Council,TON,15,205
Northland Regional Council,TON,16,19
Northland Regional Council,TON,17,1
Northland Regional Council,TP,6,8
Northland Regional Council,TP,7,192
Northland Regional Council,TP,8,779
Northland Regional Council,TP,9,1261
Northland Regional Council,TP,10,1239
Northland Regional Council,TP,11,1242
Northland Regional Council,TP,12,1071
Northland Regional Council,TP,13,857
Northland Regional Council,TP,14,516
Northland Regional Council,TP,15,208
Northland Regional Council,TP,16,20
Northland Regional Council,TP,17,1
Northland Regional Council,TP,18,1
Northland Regional Council,TURB,6,8
Northland Regional Council,TURB,7,192
Northland Regional Council,TURB,8,779
Northland Regional Council,TURB,9,1259
Northland Regional Council,TURB,10,1211
Northland Regional Council,TURB,11,1207
Northland Regional Council,TURB,12,1053
Northland Regional Council,TURB,13,850
Northland Regional Council,TURB,14,515
Northland Regional Council,TURB,15,207
Northland Regional Council,TURB,16,19
Northland Regional Council,TURB,17,1
Otago Regional Council,BDISC,7,32
Otago Regional Council,BDISC,8,612
Otago Regional Council,BDISC,9,1398
Otago Regional Council,BDISC,10,1574
Otago Regional Council,BDISC,11,1365
Otago Regional Council,BDISC,12,1162
Otago Regional Council,BDISC,13,800
Otago Regional Council,BDISC,14,403
Otago Regional Council,BDISC,15,109
Otago Regional Council,BDISC,16,7
Otago Regional Council,BDISC,17,1
Otago Regional Council,DIN,7,13
Otago Regional Council,DIN,8,97
Otago Regional Council,DIN,9,239
Otago Regional Council,DIN,10,284
Otago Regional Council,DIN,11,173
Otago Regional Council,DIN,12,104
Otago Regional Council,DIN,13,33
Otago Regional Council,DIN,14,2
Otago Regional Council,DIN,15,4
Otago Regional Council,DRP,7,30
Otago Regional Council,DRP,8,682
Otago Regional Council,DRP,9,1513
Otago Regional Council,DRP,10,1704
Otago Regional Council,DRP,11,1455
Otago Regional Council,DRP,12,1259
Otago Regional Council,DRP,13,851
Otago Regional Council,DRP,14,413
Otago Regional Council,DRP,15,113
Otago Regional Council,DRP,16,7
Otago Regional Council,DRP,17,1
Otago Regional Council,ECOLI,7,36
Otago Regional Council,ECOLI,8,854
Otago Regional Council,ECOLI,9,1644
Otago Regional Council,ECOLI,10,1805
Otago Regional Council,ECOLI,11,1591
Otago Regional Council,ECOLI,12,1399
Otago Regional Council,ECOLI,13,922
Otago Regional Council,ECOLI,14,451
Otago Regional Council,ECOLI,15,123
Otago Regional Council,ECOLI,16,7
Otago Regional Council,ECOLI,17,1
Otago Regional Council,NH4,7,31
Otago Regional Council,NH4,8,690
Otago Regional Council,NH4,9,1528
Otago Regional Council,NH4,10,1714
Otago Regional Council,NH4,11,1479
Otago Regional Council,NH4,12,1268
Otago Regional Council,NH4,13,859
Otago Regional Council,NH4,14,414
Otago Regional Council,NH4,15,113
Otago Regional Council,NH4,16,7
Otago Regional Council,NH4,17,1
Otago Regional Council,NO3N,7,31
Otago Regional Council,NO3N,8,705
Otago Regional Council,NO3N,9,1550
Otago Regional Council,NO3N,10,1729
Otago Regional Council,NO3N,11,1488
Otago Regional Council,NO3N,12,1273
Otago Regional Council,NO3N,13,866
Otago Regional Council,NO3N,14,418
Otago Regional Council,NO3N,15,113
Otago Regional Council,NO3N,16,7
Otago Regional Council,NO3N,17,1
Otago Regional Council,PH,7,30
Otago Regional Council,PH,8,597
Otago Regional Council,PH,9,1373
Otago Regional Council,PH,10,1550
Otago Regional Council,PH,11,1310
Otago Regional Council,PH,12,1096
Otago Regional Council,PH,13,747
Otago Regional Council,PH,14,381
Otago Regional Council,PH,15,99
Otago Regional Council,PH,16,7
Otago Regional Council,PH,17,1
Otago Regional Council,TN,7,30
Otago Regional Council,TN,8,685
Otago Regional Council,TN,9,1517
Otago Regional Council,TN,10,1704
Otago Regional Council,TN,11,1467
Otago Regional Council,TN,12,1256
Otago Regional Council,TN,13,856
Otago Regional Council,TN,14,410
Otago Regional Council,TN,15,113
Otago Regional Council,TN,16,7
Otago Regional Council,TN,17,1
Otago Regional Council,TON,7,31
Otago Regional Council,TON,8,705
Otago Regional Council,TON,9,1550
Otago Regional Council,TON,10,1729
Otago Regional Council,TON,11,1488
Otago Regional Council,TON,12,1273
Otago Regional Council,TON,13,866
Otago Regional Council,TON,14,418
Otago Regional Council,TON,15,113
Otago Regional Council,TON,16,7
Otago Regional Council,TON,17,1
Otago Regional Council,TP,7,29
Otago Regional Council,TP,8,683
Otago Regional Council,TP,9,1511
Otago Regional Council,TP,10,1700
Otago Regional Council,TP,11,1457
Otago Regional Council,TP,12,1248
Otago Regional Council,TP,13,847
Otago Regional Council,TP,14,408
Otago Regional Council,TP,15,113
Otago Regional Council,TP,16,7
Otago Regional Council,TP,17,1
Otago Regional Council,TURB,7,32
Otago Regional Council,TURB,8,612
Otago Regional Council,TURB,9,1398
Otago Regional Council,TURB,10,1574
Otago Regional Council,TURB,11,1365
Otago Regional Council,TURB,12,1162
Otago Regional Council,TURB,13,800
Otago Regional Council,TURB,14,403
Otago Regional Council,TURB,15,109
Otago Regional Council,TURB,16,7
Otago Regional Council,TURB,17,1
Taranaki Regional Council,BDISC,6,11
Taranaki Regional Council,BDISC,7,239
Taranaki Regional Council,BDISC,8,363
Taranaki Regional Council,BDISC,9,369
Taranaki Regional Council,BDISC,10,396
Taranaki Regional Council,BDISC,11,371
Taranaki Regional Council,BDISC,12,391
Taranaki Regional Council,BDISC,13,359
Taranaki Regional Council,BDISC,14,159
Taranaki Regional Council,BDISC,15,6
Taranaki Regional Council,DIN,6,11
Taranaki Regional Council,DIN,7,239
Taranaki Regional Council,DIN,8,367
Taranaki Regional Council,DIN,9,371
Taranaki Regional Council,DIN,10,399
Taranaki Regional Council,DIN,11,371
Taranaki Regional Council,DIN,12,392
Taranaki Regional Council,DIN,13,359
Taranaki Regional Council,DIN,14,159
Taranaki Regional Council,DIN,15,6
Taranaki Regional Council,DRP,6,11
Taranaki Regional Council,DRP,7,239
Taranaki Regional Council,DRP,8,367
Taranaki Regional Council,DRP,9,371
Taranaki Regional Council,DRP,10,399
Taranaki Regional Council,DRP,11,371
Taranaki Regional Council,DRP,12,392
Taranaki Regional Council,DRP,13,359
Taranaki Regional Council,DRP,14,159
Taranaki Regional Council,DRP,15,6
Taranaki Regional Council,ECOLI,6,11
Taranaki Regional Council,ECOLI,7,239
Taranaki Regional Council,ECOLI,8,367
Taranaki Regional Council,ECOLI,9,371
Taranaki Regional Council,ECOLI,10,400
Taranaki Regional Council,ECOLI,11,371
Taranaki Regional Council,ECOLI,12,392
Taranaki Regional Council,ECOLI,13,359
Taranaki Regional Council,ECOLI,14,159
Taranaki Regional Council,ECOLI,15,6
Taranaki Regional Council,NH4,6,11
Taranaki Regional Council,NH4,7,239
Taranaki Regional Council,NH4,8,367
Taranaki Regional Council,NH4,9,371
Taranaki Regional Council,NH4,10,399
Taranaki Regional Council,NH4,11,371
Taranaki Regional Council,NH4,12,392
Taranaki Regional Council,NH4,13,359
Taranaki Regional Council,NH4,14,159
Taranaki Regional Council,NH4,15,6
Taranaki Regional Council,NO3N,6,11
Taranaki Regional Council,NO3N,7,239
Taranaki Regional Council,NO3N,8,367
Taranaki Regional Council,NO3N,9,371
Taranaki Regional Council,NO3N,10,399
Taranaki Regional Council,NO3N,11,371
Taranaki Regional Council,NO3N,12,392
Taranaki Regional Council,NO3N,13,359
Taranaki Regional Council,NO3N,14,159
Taranaki Regional Council,NO3N,15,6
Taranaki Regional Council,PH,6,11
Taranaki Regional Council,PH,7,239
Taranaki Regional Council,PH,8,367
Taranaki Regional Council,PH,9,371
Taranaki Regional Council,PH,10,399
Taranaki Regional Council,PH,11,371
Taranaki Regional Council,PH,12,392
Taranaki Regional Council,PH,13,359
Taranaki Regional Council,PH,14,159
Taranaki Regional Council,PH,15,6
Taranaki Regional Council,TN,6,11
Taranaki Regional Council,TN,7,239
Taranaki Regional Council,TN,8,367
Taranaki Regional Council,TN,9,371
Taranaki Regional Council,TN,10,399
Taranaki Regional Council,TN,11,371
Taranaki Regional Council,TN,12,392
Taranaki Regional Council,TN,13,359
Taranaki Regional Council,TN,14,159
Taranaki Regional Council,TN,15,6
Taranaki Regional Council,TON,6,11
Taranaki Regional Council,TON,7,239
Taranaki Regional Council,TON,8,367
Taranaki Regional Council,TON,9,371
Taranaki Regional Council,TON,10,399
Taranaki Regional Council,TON,11,371
Taranaki Regional Council,TON,12,392
Taranaki Regional Council,TON,13,359
Taranaki Regional Council,TON,14,159
Taranaki Regional Council,TON,15,6
Taranaki Regional Council,TP,6,11
Taranaki Regional Council,TP,7,239
Taranaki Regional Council,TP,8,367
Taranaki Regional Council,TP,9,371
Taranaki Regional Council,TP,10,399
Taranaki Regional Council,TP,11,371
Taranaki Regional Council,TP,12,392
Taranaki Regional Council,TP,13,359
Taranaki Regional Council,TP,14,159
Taranaki Regional Council,TP,15,6
Taranaki Regional Council,TURB,6,11
Taranaki Regional Council,TURB,7,239
Taranaki Regional Council,TURB,8,367
Taranaki Regional Council,TURB,9,371
Taranaki Regional Council,TURB,10,400
Taranaki Regional Council,TURB,11,371
Taranaki Regional Council,TURB,12,392
Taranaki Regional Council,TURB,13,359
Taranaki Regional Council,TURB,14,159
Taranaki Regional Council,TURB,15,6
Tasman District Council,BDISC,7,33
Tasman District Council,BDISC,8,171
Tasman District Council,BDISC,9,383
Tasman District Council,BDISC,10,589
Tasman District Council,BDISC,11,544
Tasman District Council,BDISC,12,436
Tasman District Council,BDISC,13,360
Tasman District Council,BDISC,14,198
Tasman District Council,BDISC,15,73
Tasman District Council,BDISC,16,40
Tasman District Council,BDISC,17,14
Tasman District Council,BDISC,18,8
Tasman District Council,DRP,7,21
Tasman District Council,DRP,8,156
Tasman District Council,DRP,9,366
Tasman District Council,DRP,10,559
Tasman District Council,DRP,11,501
Tasman District Council,DRP,12,428
Tasman District Council,DRP,13,305
Tasman District Council,DRP,14,136
Tasman District Council,DRP,15,40
Tasman District Council,DRP,16,25
Tasman District Council,DRP,17,5
Tasman District Council,DRP,18,7
Tasman District Council,ECOLI,6,1
Tasman District Council,ECOLI,7,65
Tasman District Council,ECOLI,8,173
Tasman District Council,ECOLI,9,395
Tasman District Council,ECOLI,10,598
Tasman District Council,ECOLI,11,581
Tasman District Council,ECOLI,12,487
Tasman District Council,ECOLI,13,386
Tasman District Council,ECOLI,14,207
Tasman District Council,ECOLI,15,85
Tasman District Council,ECOLI,16,46
Tasman District Council,ECOLI,17,13
Tasman District Council,ECOLI,18,11
Tasman District Council,NH4,7,23
Tasman District Council,NH4,8,167
Tasman District Council,NH4,9,391
Tasman District Council,NH4,10,583
Tasman District Council,NH4,11,548
Tasman District Council,NH4,12,468
Tasman District Council,NH4,13,337
Tasman District Council,NH4,14,181
Tasman District Council,NH4,15,63
Tasman District Council,NH4,16,37
Tasman District Council,NH4,17,12
Tasman District Council,NH4,18,11
Tasman District Council,NO3N,7,19
Tasman District Council,NO3N,8,153
Tasman District Council,NO3N,9,365
Tasman District Council,NO3N,10,546
Tasman District Council,NO3N,11,501
Tasman District Council,NO3N,12,429
Tasman District Council,NO3N,13,307
Tasman District Council,NO3N,14,137
Tasman District Council,NO3N,15,39
Tasman District Council,NO3N,16,25
Tasman District Council,NO3N,17,5
Tasman District Council,NO3N,18,8
Tasman District Council,PH,7,10
Tasman District Council,PH,8,128
Tasman District Council,PH,9,316
Tasman District Council,PH,10,470
Tasman District Council,PH,11,420
Tasman District Council,PH,12,352
Tasman District Council,PH,13,231
Tasman District Council,PH,14,84
Tasman District Council,PH,15,13
Tasman District Council,PH,16,2
Tasman District Council,PH,17,1
Tasman District Council,PH,18,2
Tasman District Council,TN,7,21
Tasman District Council,TN,8,155
Tasman District Council,TN,9,364
Tasman District Council,TN,10,554
Tasman District Council,TN,11,496
Tasman District Council,TN,12,423
Tasman District Council,TN,13,306
Tasman District Council,TN,14,135
Tasman District Council,TN,15,39
Tasman District Council,TN,16,25
Tasman District Council,TN,17,5
Tasman District Council,TN,18,7
Tasman District Council,TP,7,21
Tasman District Council,TP,8,155
Tasman District Council,TP,9,364
Tasman District Council,TP,10,555
Tasman District Council,TP,11,496
Tasman District Council,TP,12,423
Tasman District Council,TP,13,306
Tasman District Council,TP,14,135
Tasman District Council,TP,15,39
Tasman District Council,TP,16,25
Tasman District Council,TP,17,5
Tasman District Council,TP,18,7
Tasman District Council,TURB,7,17
Tasman District Council,TURB,8,148
Tasman District Council,TURB,9,353
Tasman District Council,TURB,10,550
Tasman District Council,TURB,11,536
Tasman District Council,TURB,12,447
Tasman District Council,TURB,13,346
Tasman District Council,TURB,14,180
Tasman District Council,TURB,15,76
Tasman District Council,TURB,16,39
Tasman District Council,TURB,17,12
Tasman District Council,TURB,18,8
Waikato Regional Council,BDISC,6,36
Waikato Regional Council,BDISC,7,585
Waikato Regional Council,BDISC,8,1967
Waikato Regional Council,BDISC,9,3012
Waikato Regional Council,BDISC,10,3015
Waikato Regional Council,BDISC,11,2974
Waikato Regional Council,BDISC,12,2677
Waikato Regional Council,BDISC,13,2787
Waikato Regional Council,BDISC,14,2112
Waikato Regional Council,BDISC,15,758
Waikato Regional Council,BDISC,16,136
Waikato Regional Council,BDISC,17,8
Waikato Regional Council,DRP,6,73
Waikato Regional Council,DRP,7,709
Waikato Regional Council,DRP,8,2263
Waikato Regional Council,DRP,9,3501
Waikato Regional Council,DRP,10,3710
Waikato Regional Council,DRP,11,3597
Waikato Regional Council,DRP,12,3160
Waikato Regional Council,DRP,13,3255
Waikato Regional Council,DRP,14,2429
Waikato Regional Council,DRP,15,884
Waikato Regional Council,DRP,16,152
Waikato Regional Council,DRP,17,13
Waikato Regional Council,ECOLI,6,71
Waikato Regional Council,ECOLI,7,598
Waikato Regional Council,ECOLI,8,1687
Waikato Regional Council,ECOLI,9,2436
Waikato Regional Council,ECOLI,10,2614
Waikato Regional Council,ECOLI,11,2531
Waikato Regional Council,ECOLI,12,2729
Waikato Regional Council,ECOLI,13,1961
Waikato Regional Council,ECOLI,14,1287
Waikato Regional Council,ECOLI,15,430
Waikato Regional Council,ECOLI,16,65
Waikato Regional Council,ECOLI,17,8
Waikato Regional Council,NH4,6,73
Waikato Regional Council,NH4,7,709
Waikato Regional Council,NH4,8,2263
Waikato Regional Council,NH4,9,3501
Waikato Regional Council,NH4,10,3710
Waikato Regional Council,NH4,11,3597
Waikato Regional Council,NH4,12,3161
Waikato Regional Council,NH4,13,3261
Waikato Regional Council,NH4,14,2439
Waikato Regional Council,NH4,15,884
Waikato Regional Council,NH4,16,152
Waikato Regional Council,NH4,17,13
Waikato Regional Council,PH,6,73
Waikato Regional Council,PH,7,689
Waikato Regional Council,PH,8,2244
Waikato Regional Council,PH,9,3468
Waikato Regional Council,PH,10,3663
Waikato Regional Council,PH,11,3584
Waikato Regional Council,PH,12,3160
Waikato Regional Council,PH,13,3260
Waikato Regional Council,PH,14,2438
Waikato Regional Council,PH,15,884
Waikato Regional Council,PH,16,152
Waikato Regional Council,PH,17,13
Waikato Regional Council,TN,6,73
Waikato Regional Council,TN,7,709
Waikato Regional Council,TN,8,2263
Waikato Regional Council,TN,9,3501
Waikato Regional Council,TN,10,3710
Waikato Regional Council,TN,11,3597
Waikato Regional Council,TN,12,3161
Waikato Regional Council,TN,13,3262
Waikato Regional Council,TN,14,2440
Waikato Regional Council,TN,15,884
Waikato Regional Council,TN,16,152
Waikato Regional Council,TN,17,13
Waikato Regional Council,TON,6,73
Waikato Regional Council,TON,7,709
Waikato Regional Council,TON,8,2263
Waikato Regional Council,TON,9,3501
Waikato Regional Council,TON,10,3710
Waikato Regional Council,TON,11,3597
Waikato Regional Council,TON,12,3161
Waikato Regional Council,TON,13,3261
Waikato Regional Council,TON,14,2440
Waikato Regional Council,TON,15,884
Waikato Regional Council,TON,16,152
Waikato Regional Council,TON,17,13
Waikato Regional Council,TP,6,73
Waikato Regional Council,TP,7,709
Waikato Regional Council,TP,8,2263
Waikato Regional Council,TP,9,3501
Waikato Regional Council,TP,10,3710
Waikato Regional Council,TP,11,3584
Waikato Regional Council,TP,12,3109
Waikato Regional Council,TP,13,3159
Waikato Regional Council,TP,14,2333
Waikato Regional Council,TP,15,840
Waikato Regional Council,TP,16,145
Waikato Regional Council,TP,17,13
Waikato Regional Council,TURB,6,73
Waikato Regional Council,TURB,7,709
Waikato Regional Council,TURB,8,2263
Waikato Regional Council,TURB,9,3482
Waikato Regional Council,TURB,10,3683
Waikato Regional Council,TURB,11,3594
Waikato Regional Council,TURB,12,3162
Waikato Regional Council,TURB,13,3261
Waikato Regional Council,TURB,14,2438
Waikato Regional Council,TURB,15,884
Waikato Regional Council,TURB,16,152
Waikato Regional Council,TURB,17,13
West Coast Regional Council,BDISC,6,17
West Coast Regional Council,BDISC,7,79
West Coast Regional Council,BDISC,8,241
West Coast Regional Council,BDISC,9,577
West Coast Regional Council,BDISC,10,787
West Coast Regional Council,BDISC,11,772
West Coast Regional Council,BDISC,12,720
West Coast Regional Council,BDISC,13,589
West Coast Regional Council,BDISC,14,416
West Coast Regional Council,BDISC,15,191
West Coast Regional Council,BDISC,16,69
West Coast Regional Council,BDISC,17,41
West Coast Regional Council,BDISC,18,12
West Coast Regional Council,DIN,6,1
West Coast Regional Council,DIN,8,5
West Coast Regional Council,DIN,9,8
West Coast Regional Council,DIN,10,7
West Coast Regional Council,DIN,11,7
West Coast Regional Council,DIN,12,26
West Coast Regional Council,DIN,13,28
West Coast Regional Council,DIN,14,33
West Coast Regional Council,DIN,15,15
West Coast Regional Council,DIN,16,5
West Coast Regional Council,DIN,17,1
West Coast Regional Council,DRP,6,14
West Coast Regional Council,DRP,7,60
West Coast Regional Council,DRP,8,205
West Coast Regional Council,DRP,9,490
West Coast Regional Council,DRP,10,684
West Coast Regional Council,DRP,11,640
West Coast Regional Council,DRP,12,597
West Coast Regional Council,DRP,13,463
West Coast Regional Council,DRP,14,322
West Coast Regional Council,DRP,15,136
West Coast Regional Council,DRP,16,49
West Coast Regional Council,DRP,17,18
West Coast Regional Council,DRP,18,1
West Coast Regional Council,ECOLI,6,18
West Coast Regional Council,ECOLI,7,82
West Coast Regional Council,ECOLI,8,248
West Coast Regional Council,ECOLI,9,604
West Coast Regional Council,ECOLI,10,832
West Coast Regional Council,ECOLI,11,810
West Coast Regional Council,ECOLI,12,733
West Coast Regional Council,ECOLI,13,604
West Coast Regional Council,ECOLI,14,433
West Coast Regional Council,ECOLI,15,192
West Coast Regional Council,ECOLI,16,72
West Coast Regional Council,ECOLI,17,40
West Coast Regional Council,ECOLI,18,13
West Coast Regional Council,NH4,6,14
West Coast Regional Council,NH4,7,66
West Coast Regional Council,NH4,8,215
West Coast Regional Council,NH4,9,527
West Coast Regional Council,NH4,10,731
West Coast Regional Council,NH4,11,717
West Coast Regional Council,NH4,12,683
West Coast Regional Council,NH4,13,539
West Coast Regional Council,NH4,14,382
West Coast Regional Council,NH4,15,179
West Coast Regional Council,NH4,16,64
West Coast Regional Council,NH4,17,38
West Coast Regional Council,NH4,18,10
West Coast Regional Council,NO3N,6,14
West Coast Regional Council,NO3N,7,60
West Coast Regional Council,NO3N,8,205
West Coast Regional Council,NO3N,9,493
West Coast Regional Council,NO3N,10,684
West Coast Regional Council,NO3N,11,644
West Coast Regional Council,NO3N,12,602
West Coast Regional Council,NO3N,13,467
West Coast Regional Council,NO3N,14,326
West Coast Regional Council,NO3N,15,138
West Coast Regional Council,NO3N,16,49
West Coast Regional Council,NO3N,17,19
West Coast Regional Council,NO3N,18,1
West Coast Regional Council,PH,6,15
West Coast Regional Council,PH,7,68
West Coast Regional Council,PH,8,227
West Coast Regional Council,PH,9,538
West Coast Regional Council,PH,10,736
West Coast Regional Council,PH,11,717
West Coast Regional Council,PH,12,655
West Coast Regional Council,PH,13,543
West Coast Regional Council,PH,14,387
West Coast Regional Council,PH,15,193
West Coast Regional Council,PH,16,68
West Coast Regional Council,PH,17,42
West Coast Regional Council,PH,18,13
West Coast Regional Council,TN,6,14
West Coast Regional Council,TN,7,60
West Coast Regional Council,TN,8,206
West Coast Regional Council,TN,9,490
West Coast Regional Council,TN,10,685
West Coast Regional Council,TN,11,643
West Coast Regional Council,TN,12,592
West Coast Regional Council,TN,13,464
West Coast Regional Council,TN,14,323
West Coast Regional Council,TN,15,136
West Coast Regional Council,TN,16,49
West Coast Regional Council,TN,17,18
West Coast Regional Council,TN,18,1
West Coast Regional Council,TON,6,9
West Coast Regional Council,TON,7,46
West Coast Regional Council,TON,8,170
West Coast Regional Council,TON,9,415
West Coast Regional Council,TON,10,559
West Coast Regional Council,TON,11,500
West Coast Regional Council,TON,12,420
West Coast Regional Council,TON,13,304
West Coast Regional Council,TON,14,172
West Coast Regional Council,TON,15,61
West Coast Regional Council,TON,16,14
West Coast Regional Council,TON,17,5
West Coast Regional Council,TP,6,14
West Coast Regional Council,TP,7,60
West Coast Regional Council,TP,8,205
West Coast Regional Council,TP,9,491
West Coast Regional Council,TP,10,685
West Coast Regional Council,TP,11,643
West Coast Regional Council,TP,12,592
West Coast Regional Council,TP,13,463
West Coast Regional Council,TP,14,324
West Coast Regional Council,TP,15,136
West Coast Regional Council,TP,16,49
West Coast Regional Council,TP,17,18
West Coast Regional Council,TP,18,1
West Coast Regional Council,TURBFNU,6,14
West Coast Regional Council,TURBFNU,7,67
West Coast Regional Council,TURBFNU,8,226
West Coast Regional Council,TURBFNU,9,541
West Coast Regional Council,TURBFNU,10,733
West Coast Regional Council,TURBFNU,11,720
West Coast Regional Council,TURBFNU,12,676
West Coast Regional Council,TURBFNU,13,545
West Coast Regional Council,TURBFNU,14,386
West Coast Regional Council,TURBFNU,15,191
West Coast Regional Council,TURBFNU,16,67
West Coast Regional Council,TURBFNU,17,42
West Coast Regional Council,TURBFNU,18,12
